Workbook

Sheet Rubric
A1: Scoring rubric — anchor definitions
A2: Each dimension scored 1-5 against a written anchor. Weights are set here and drive the Scoring sheet. Change a weight and every score recalculates.
A4: Dimension | B4: Weight | C4: Direction | D4: 1 — worst | E4: 3 — middling | F4: 5 — best
A5: Data readiness | B5: 0.2 | C5: Higher is better | D5: No labels exist; would require labelling from scratch | E5: Labels exist but reliability is unmeasured | F5: Labels exist and their reliability has been measured
A6: Technical feasibility | B6: 0.15 | C6: Higher is better | D6: Open research problem; no established approach | E6: Established task class but domain-specific difficulty | F6: Solved task class with standard evaluation methods
A7: Value at stake | B7: 0.2 | C7: Higher is better | D7: Marginal; affects a small fraction of volume | E7: Meaningful on a subset of volume | F7: Affects the majority of intake volume directly
A8: Failure cost | B8: 0.2 | C8: LOWER is better (inverted) | D8: Consumer harm, regulatory breach, or irreversible action | E8: Rework and delay; recoverable within the process | F8: Trivial; error is cosmetic or immediately visible
A9: Reversibility | B9: 0.1 | C9: Higher is better | D9: No human sees the output before it takes effect | E9: Human review exists but is not enforced | F9: Human approval is required before any effect
A10: Regulatory exposure | B10: 0.1 | C10: LOWER is better (inverted) | D10: Directly implicates FCRA, UDAAP, or fair-lending obligations | E10: Adjacent to regulated activity; disclosure implications | F10: Internal-only; no external regulatory surface
A11: Change management burden | B11: 0.05 | C11: LOWER is better (inverted) | D11: Requires new roles, retraining, and process redesign | E11: Fits existing roles with modest retraining | F11: Drop-in; no process change required
A12: Total | B12: =SUM(B5:B11) -> 1
A14: Inverted dimensions are entered as raw severity 1-5 and flipped to (6 - score) in the Scoring sheet, so every contribution points the same way.

Sheet Scoring
A1: Twelve candidate interventions — weighted scoring
A2: Yellow cells are inputs. Failure cost, regulatory exposure and change burden are entered as SEVERITY (5 = worst) and inverted in the formula. Weighted score is out of 5.
A4: # | B4: Candidate intervention | C4: Type | D4: Data readiness | E4: Tech feasibility | F4: Value at stake | G4: Failure cost (sev) | H4: Reversibility | I4: Reg exposure (sev) | J4: Change burden (sev) | K4: Weighted score | L4: Value | M4: Failure cost | N4: Decision
A5: 1 | B5: Auto-classify Product (13 classes) | C5: Classification | D5: 4 | E5: 5 | F5: 4 | G5: 2 | H5: 4 | I5: 2 | J5: 2 | K5: =D5*Rubric!$B$5 + E5*Rubric!$B$6 + F5*Rubric!$B$7 + (6-G5)*Rubric!$B$8 + H5*Rubric!$B$9 + (6-I5)*Rubric!$B$10 + (6-J5)*Rubric!$B$11 -> 4.15 | L5: =F5 -> 4 | M5: =G5 -> 2 | N5: BUILD
A6: 2 | B6: Auto-classify Issue (89 classes) | C6: Classification | D6: 2 | E6: 3 | F6: 5 | G6: 3 | H6: 4 | I6: 2 | J6: 2 | K6: =D6*Rubric!$B$5 + E6*Rubric!$B$6 + F6*Rubric!$B$7 + (6-G6)*Rubric!$B$8 + H6*Rubric!$B$9 + (6-I6)*Rubric!$B$10 + (6-J6)*Rubric!$B$11 -> 3.45 | L6: =F6 -> 5 | M6: =G6 -> 3 | N6: BUILD (reduced scope)
A7: 3 | B7: Extract structured entities | C7: Extraction | D7: 3 | E7: 4 | F7: 3 | G7: 2 | H7: 4 | I7: 2 | J7: 3 | K7: =D7*Rubric!$B$5 + E7*Rubric!$B$6 + F7*Rubric!$B$7 + (6-G7)*Rubric!$B$8 + H7*Rubric!$B$9 + (6-I7)*Rubric!$B$10 + (6-J7)*Rubric!$B$11 -> 3.55 | L7: =F7 -> 3 | M7: =G7 -> 2 | N7: Defer
A8: 4 | B8: Detect duplicate or related complaints | C8: Similarity | D8: 4 | E8: 4 | F8: 2 | G8: 2 | H8: 5 | I8: 1 | J8: 2 | K8: =D8*Rubric!$B$5 + E8*Rubric!$B$6 + F8*Rubric!$B$7 + (6-G8)*Rubric!$B$8 + H8*Rubric!$B$9 + (6-I8)*Rubric!$B$10 + (6-J8)*Rubric!$B$11 -> 3.8 | L8: =F8 -> 2 | M8: =G8 -> 2 | N8: Defer
A9: 5 | B9: Severity and escalation scoring | C9: Classification | D9: 1 | E9: 3 | F9: 4 | G9: 4 | H9: 3 | I9: 4 | J9: 3 | K9: =D9*Rubric!$B$5 + E9*Rubric!$B$6 + F9*Rubric!$B$7 + (6-G9)*Rubric!$B$8 + H9*Rubric!$B$9 + (6-I9)*Rubric!$B$10 + (6-J9)*Rubric!$B$11 -> 2.5 | L9: =F9 -> 4 | M9: =G9 -> 4 | N9: Do not build
A10: 6 | B10: Draft acknowledgment letter grounded in regulation | C10: Generation + RAG | D10: 3 | E10: 3 | F10: 4 | G10: 4 | H10: 5 | I10: 3 | J10: 3 | K10: =D10*Rubric!$B$5 + E10*Rubric!$B$6 + F10*Rubric!$B$7 + (6-G10)*Rubric!$B$8 + H10*Rubric!$B$9 + (6-I10)*Rubric!$B$10 + (6-J10)*Rubric!$B$11 -> 3.2 | L10: =F10 -> 4 | M10: =G10 -> 4 | N10: BUILD
A11: 7 | B11: Summarize narrative to 2-sentence abstract | C11: Summarization | D11: 3 | E11: 5 | F11: 2 | G11: 2 | H11: 5 | I11: 1 | J11: 1 | K11: =D11*Rubric!$B$5 + E11*Rubric!$B$6 + F11*Rubric!$B$7 + (6-G11)*Rubric!$B$8 + H11*Rubric!$B$9 + (6-I11)*Rubric!$B$10 + (6-J11)*Rubric!$B$11 -> 3.8 | L11: =F11 -> 2 | M11: =G11 -> 2 | N11: Defer
A12: 8 | B12: Suggest applicable regulation section | C12: Retrieval | D12: 2 | E12: 3 | F12: 3 | G12: 3 | H12: 5 | I12: 3 | J12: 2 | K12: =D12*Rubric!$B$5 + E12*Rubric!$B$6 + F12*Rubric!$B$7 + (6-G12)*Rubric!$B$8 + H12*Rubric!$B$9 + (6-I12)*Rubric!$B$10 + (6-J12)*Rubric!$B$11 -> 3.05 | L12: =F12 -> 3 | M12: =G12 -> 3 | N12: Defer
A13: 9 | B13: Detect UDAAP risk language | C13: Classification | D13: 1 | E13: 2 | F13: 4 | G13: 5 | H13: 3 | I13: 5 | J13: 3 | K13: =D13*Rubric!$B$5 + E13*Rubric!$B$6 + F13*Rubric!$B$7 + (6-G13)*Rubric!$B$8 + H13*Rubric!$B$9 + (6-I13)*Rubric!$B$10 + (6-J13)*Rubric!$B$11 -> 2.05 | L13: =F13 -> 4 | M13: =G13 -> 5 | N13: Do not build
A14: 10 | B14: Sentiment and consumer-distress flag | C14: Classification | D14: 2 | E14: 4 | F14: 2 | G14: 3 | H14: 4 | I14: 3 | J14: 2 | K14: =D14*Rubric!$B$5 + E14*Rubric!$B$6 + F14*Rubric!$B$7 + (6-G14)*Rubric!$B$8 + H14*Rubric!$B$9 + (6-I14)*Rubric!$B$10 + (6-J14)*Rubric!$B$11 -> 2.9 | L14: =F14 -> 2 | M14: =G14 -> 3 | N14: Defer
A15: 11 | B15: Full autonomous resolution recommendation | C15: Generation | D15: 1 | E15: 2 | F15: 5 | G15: 5 | H15: 1 | I15: 5 | J15: 5 | K15: =D15*Rubric!$B$5 + E15*Rubric!$B$6 + F15*Rubric!$B$7 + (6-G15)*Rubric!$B$8 + H15*Rubric!$B$9 + (6-I15)*Rubric!$B$10 + (6-J15)*Rubric!$B$11 -> 1.95 | L15: =F15 -> 5 | M15: =G15 -> 5 | N15: DO NOT BUILD
A16: 12 | B16: Predict likelihood of consumer dispute | C16: Prediction | D16: 2 | E16: 3 | F16: 3 | G16: 4 | H16: 2 | I16: 5 | J16: 3 | K16: =D16*Rubric!$B$5 + E16*Rubric!$B$6 + F16*Rubric!$B$7 + (6-G16)*Rubric!$B$8 + H16*Rubric!$B$9 + (6-I16)*Rubric!$B$10 + (6-J16)*Rubric!$B$11 -> 2.3 | L16: =F16 -> 3 | M16: =G16 -> 4 | N16: DO NOT BUILD
A18: Portfolio summary
A19: Candidates assessed | C19: =COUNTA(A5:A16) -> 12
A20: Recommended to build | C20: =COUNTIF(N5:N16,"BUILD*") -> 3
A21: Deferred | C21: =COUNTIF(N5:N16,"Defer") -> 5
A22: Do not build | C22: =COUNTIF(N5:N16,"*not build") -> 4
A23: Highest weighted score | C23: =MAX(K5:K16) -> 4.15
A24: Mean weighted score | C24: =AVERAGE(K5:K16) -> 3.0583333

Sheet Frontier
A1: Value at stake vs failure cost
A2: The do-not-build quadrant is top-right: high value AND high failure cost. Value alone does not justify a build. Candidates 11, 12 and 9 sit there.
A4: # | B4: Value | C4: Failure cost | D4: Candidate
A5: 1 | B5: =Scoring!F5 -> 4 | C5: =Scoring!G5 -> 2 | D5: Auto-classify Product (13 classes)
A6: 2 | B6: =Scoring!F6 -> 5 | C6: =Scoring!G6 -> 3 | D6: Auto-classify Issue (89 classes)
A7: 3 | B7: =Scoring!F7 -> 3 | C7: =Scoring!G7 -> 2 | D7: Extract structured entities
A8: 4 | B8: =Scoring!F8 -> 2 | C8: =Scoring!G8 -> 2 | D8: Detect duplicate or related complaints
A9: 5 | B9: =Scoring!F9 -> 4 | C9: =Scoring!G9 -> 4 | D9: Severity and escalation scoring
A10: 6 | B10: =Scoring!F10 -> 4 | C10: =Scoring!G10 -> 4 | D10: Draft acknowledgment letter grounded in regulation
A11: 7 | B11: =Scoring!F11 -> 2 | C11: =Scoring!G11 -> 2 | D11: Summarize narrative to 2-sentence abstract
A12: 8 | B12: =Scoring!F12 -> 3 | C12: =Scoring!G12 -> 3 | D12: Suggest applicable regulation section
A13: 9 | B13: =Scoring!F13 -> 4 | C13: =Scoring!G13 -> 5 | D13: Detect UDAAP risk language
A14: 10 | B14: =Scoring!F14 -> 2 | C14: =Scoring!G14 -> 3 | D14: Sentiment and consumer-distress flag
A15: 11 | B15: =Scoring!F15 -> 5 | C15: =Scoring!G15 -> 5 | D15: Full autonomous resolution recommendation
A16: 12 | B16: =Scoring!F16 -> 3 | C16: =Scoring!G16 -> 4 | D16: Predict likelihood of consumer dispute
